2024-11-09 07:37:57.904870	40000000000000000	4000010e65de95f1a
2024-11-06 19:32:56.080869	40ce4c1861c5fb2ff	40ce51b009a637d47
2024-11-06 18:32:52.315969	41415a3541b1d869b	41415fcce992150e3
2024-11-06 19:22:55.457351	419aa9e6bc6e4dc80	419aaf7e644e8a6c8
2024-11-06 18:22:51.688043	423fcb15d960758e8	423fd0ad8140b2330
2024-11-06 19:52:57.313333	435c5e6073d2edd39	435c63f81bb32a781
2024-11-09 08:31:05.019515	43b96e65c190d93bd	43b973fd697115e05
2024-11-06 07:51:47.772767	4460d5f9147b02538	4460db90bc5b3ef80
2024-11-06 07:41:09.904545	457b810f4aa5aa137	457b86a6f285e6b7f
2024-11-06 18:52:53.567871	458204ef22455c3ac	45820a86ca2598df4
2024-11-06 19:12:54.829347	4599f384e707a530b	4599f91c8ee7e1d53
2024-11-06 18:42:52.939875	462c428415a38ffbe	462c481bbd83cca06
2024-11-06 07:41:47.639644	46e67f6004ff990e6	46e684f7acdfd5b2e
2024-11-06 19:42:56.686562	4795a6ca1f2326730	4795ac61c70363178
2024-11-05 20:52:16.528773	47da52f47676c775c	47da7ce5e1888e47a
2024-11-06 19:02:54.200769	4801d86a88d07be38	4801de0230b0b8880
2024-11-09 08:21:04.057821	482884d79225f1bd9	48288a6f3a062e621
2024-11-09 08:11:03.098052	482d3caf32ba76f98	482d4246da9ab39e0
2024-11-05 18:50:22.431063	4833c441b92c825fd	4833ee33243e4931b
2024-11-05 20:02:15.887376	49e11a01433baf622	49e143f2ae4d76340
2024-11-05 20:32:16.267226	49e2396cf2d9f1a03	49e2635e5debb8721
2024-11-06 19:26:23.091351	4a9128bf74dc2dbe7	4a912da427c062ce6
2024-11-06 19:42:16.801820	4ab3e7274865c99ed	4ab3ec0bfb49feaec
2024-11-06 19:39:38.797806	4ae930f4e2e172b8e	4ae935d995c5a7c8d
2024-11-06 18:36:19.308650	4af843db076181315	4af848bfba45b6414
2024-11-09 07:56:47.444864	4bc581cd3796c2905	4bc586b1ea7af7a04
2024-11-06 19:06:21.554098	4c3527f34844f8844	4c352cd7fb292d943
2024-11-06 18:46:20.049649	4d45fe196924a5aac	4d4602fe1c08dabab
2024-11-06 19:29:38.056871	4df8c961f2538a03e	4df8ce46a537bf13d
2024-11-09 08:06:48.400822	4e2050846241f689b	4e20556915262b99a
2024-11-06 19:16:22.333417	4e899121968a4e990	4e899606496e83a8f
2024-11-06 19:52:17.538414	4f3eae87b08e43c9c	4f3eb36c637278d9b
2024-11-06 18:56:20.782252	4f911d9fc5fe17953	4f91228478e24ca52
2024-11-11 16:27:07.485821	5000e940929b57cca	5000e9651e32edff5
2024-11-11 15:57:07.072369	501267ffdd3a6a4a4	5012682468d2007cf
2024-11-11 15:46:48.626285	50170ef9ba352fd44	50170f1e45ccc606f
2024-11-11 16:37:07.629353	5018d91492e8479e4	5018d9391e7fddd0f
2024-11-11 15:47:06.907164	501d0648814bc1a83	501d066d0ce357dae
2024-11-11 16:07:07.207260	502226e7d35fc000b	5022270c5ef756336
2024-11-11 16:17:07.339106	502e3564127317ed4	502e35889e0aae1ff
2024-11-06 18:41:28.566010	5037c3802d8f2d1e3	5037c917d56f69c2b
2024-11-06 19:25:34.709685	514b67ce3dd3b04d6	514b6d65e5b3ecf1e
2024-11-06 18:51:29.526955	52552c9446cc0eec7	5255322beeac4b90f
2024-11-05 19:00:22.588896	52c0c08522c2ceb00	52c0ea768dd49581e
2024-11-06 19:21:32.423721	54333562f7858fffe	54333afa9f65cca46
2024-11-06 19:55:37.597258	5446c4fa61e1aa490	5446ca9209c1e6ed8
2024-11-06 19:45:36.637355	54c1b41d37c554394	54c1b9b4dfa590ddc
2024-11-06 19:01:30.495138	5567333c4afa414c9	556738d3f2da7df11
2024-11-06 18:31:27.613105	5692b2f43153623f1	5692b88bd9339ee39
2024-11-06 19:35:35.667231	56a5b813e10b4943f	56a5bdab88eb85e87
2024-11-06 19:11:31.457696	57362b824f7742b47	57363119f7577f58f
2024-11-11 09:39:54.563175	58db4c11fa46e3212	58db50f6ad2b18311
2024-11-05 21:02:16.650218	5971a3c33e470c06d	5971cdb4a958d2d8b
2024-11-05 20:42:16.400800	5c6076b9c11cb4ba5	5c60a0ab2c2e7b8c3
2024-11-05 19:31:37.272101	5e82cd3a857fcd8c5	5e82f72bf091945e3
2024-11-05 19:42:15.630254	5ffc9568b1e41ca25	5ffcbf5a1cf5e3743
2024-11-06 19:04:17.002383	6018ac8d007ad8b2e	6018b224a85b15576
2024-11-06 18:54:15.979881	6120e98d2b89b2eea	6120ef24d369ef932
2024-11-06 18:44:14.963244	62c77abf1aea5c94e	62c78056c2ca99396
2024-11-05 19:11:36.969438	63eaf0bc76c849d46	63eb1aade1da10a64
2024-11-06 19:44:21.034181	6576cb1fc34150411	6576d0b76b218ce59
2024-11-06 19:34:20.044800	65c8e33a91721a234	65c8e8d2395256c7c
2024-11-06 19:14:18.058132	6655ccb012da043b5	6655d247baba40dfd
2024-11-06 19:24:18.996419	66b25017101e57def	66b255aeb7fe94837
2024-11-06 19:54:22.022420	6832af1e3664178bc	6832b4b5de4454304
2024-11-06 19:44:08.224748	68c704751329da6c2	68c70959c60e0f7c1
2024-11-06 19:24:06.631836	697cae2ce7289defd	697cb3119a0cd2ffc
2024-11-06 19:34:07.424960	6c04ea3bee731c5ec	6c04ef20a157516eb
2024-11-06 18:54:04.178510	6c070e639d298d20b	6c071348500dc230a
2024-11-06 19:14:05.820485	6c3eec0e4275cedd7	6c3ef0f2f55a03ed6
2024-11-06 19:54:08.995255	6ef5ffb73c44d84d4	6ef6049bef290d5d3
2024-11-06 19:04:04.974239	6fa2c70c61038af28	6fa2cbf113e7c0027
2024-11-06 18:44:03.417839	6fe77708ec2f7078e	6fe77bed9f13a588d
2024-11-11 12:11:49.456649	7004b5ba67a8dae5e	7004b656bce317838
2024-11-11 11:11:48.582089	700968c8156cce530	700969646aa70af0a
2024-11-11 11:31:48.858981	700c72474f5d88888	700c72e3a497c5262
2024-11-11 11:51:49.163083	7013aa8383def3625	7013ab1fd9192ffff
2024-11-11 12:21:49.599651	701410e0bde3e3fe2	7014117d131e209bc
2024-11-11 10:41:48.131680	7028dffe202ca6982	7028e09a7566e335c
2024-11-11 12:51:49.974794	702a64ca5cce3e74e	702a6566b2087b128
2024-11-11 10:51:48.268748	7045f9ec0a87c63ce	7045fa885fc202da8
2024-11-11 12:41:49.852540	7049c6cbbe3df000e	7049c76813782c9e8
2024-11-11 10:10:20.847467	704fec36fe4d5397a	704ff1cea62d903c2
2024-11-11 13:01:50.110051	70586b44daeca31c4	70586be13026dfb9e
2024-11-11 11:01:48.428893	70868398f3f256f85	70868435492c9395f
2024-11-11 12:31:49.726466	70b06c4a9ce954bbe	70b06ce6f22391598
2024-11-11 12:01:49.314049	70c7e865562f38f87	70c7e901ab6975961
2024-11-11 11:41:49.020176	70d22025c8dea6a31	70d220c21e18e340b
2024-11-11 11:21:48.724245	70d913d33b61821fc	70d9146f909bbebd6
2024-11-06 19:53:54.723550	70ee8b8bfcbe063aa	70ee9123a49e42df2
2024-11-11 13:53:46.034079	70fb342ab48c1933f	70fb35d61587cad0c
2024-11-11 14:03:46.098263	717e158fd4211db6d	717e173b351ccf53a
2024-11-11 10:11:23.388345	72423012865b28662	724235aa2e3b650aa
2024-11-06 19:03:48.989022	737ab1ffb2822e29a	737ab7975a626ace2
2024-11-06 19:33:52.714781	739f742dd55c148f3	739f79c57d3c5133b
2024-11-11 10:21:23.522238	741ccf99a0f9d6d10	741cd53148da13758
2024-11-06 18:43:47.013041	75d215f48188a73fd	75d21b8c2968e3e45
2024-11-06 18:53:48.023936	75f69fd4a9b5b9ac4	75f6a56c5195f650c
2024-11-05 20:22:16.146082	7672c59d27103281e	7672ef8e9221f953c
2024-11-05 19:52:15.759386	77688a1a460fb5d80	7768b40bb1217ca9e
2024-11-11 10:31:23.668486	77774904c70435c69	77774e9c6ee4726b1
2024-11-06 19:23:51.637399	779a80e4536cd9501	779a867bfb4d15f49
2024-11-06 19:43:53.731407	7819c911926e9074e	7819cea93a4ecd196
2024-11-06 19:13:49.987700	7834a1d88212a0439	7834a77029f2dce81
2024-11-06 19:53:46.443461	7922a8dcd5834cbf5	7922adc1886781cf4
2024-11-11 10:09:26.535098	79f2de732d4592aae	79f2e357e029c7bad
2024-11-06 19:43:45.459679	7a1f7e5517f6febbf	7a1f8339cadb33cbe
2024-11-06 19:33:44.478639	7a2bb43b036597071	7a2bb91fb649cc170
2024-11-06 19:13:41.985641	7ac81ab1932064d0d	7ac81f96460499e0c
2024-11-05 20:12:16.015417	7d9e2f5b878ca62a7	7d9e594cf29e6cfc5
2024-11-06 18:43:39.002324	7da6666e244b09f71	7da66b52d72f3f070
2024-11-05 19:21:37.123206	7db74d218caf372ad	7db77712f7c0fdfcb
2024-11-06 19:03:40.984105	7e604ddbae30b890a	7e6052c06114eda09
2024-11-06 18:53:39.959901	7eaa0e88e2abf1d8f	7eaa136d959026e8e
2024-11-06 19:23:43.495230	7f3fd945cc363f2f8	7f3fe39391d02d8a8
2024-11-11 22:04:22.469057	7f3fe39391d02d8a8	7f3ff8b959c16fff9

